Nahas,Middle_eastern
Maalouf,Middle_eastern
Gerges,Middle_eastern
Dagher,Middle_eastern
Daher,Middle_eastern
Handal,Middle_eastern
Baba,Middle_eastern
Khouri,Middle_eastern
Guirguis,Middle_eastern
Gaber,Middle_eastern
Antar,Middle_eastern
Awad,Middle_eastern
Srour,Middle_eastern
Shadid,Middle_eastern
Bazzi,Middle_eastern
Haddad,Middle_eastern
Sleiman,Middle_eastern
Saliba,Middle_eastern
Malouf,Middle_eastern
Maalouf,Middle_eastern
Kanaan,Middle_eastern
Boutros,Middle_eastern
Sleiman,Middle_eastern
Cham,Middle_eastern
Sabbag,Middle_eastern
Mifsud,Middle_eastern
Rahal,Middle_eastern
Ghanem,Middle_eastern
Wasem,Middle_eastern
Bazzi,Middle_eastern
Arian,Middle_eastern
Nazari,Middle_eastern
Fakhoury,Middle_eastern
Morcos,Middle_eastern
Amari,Middle_eastern
Hakimi,Middle_eastern
Daher,Middle_eastern
Boutros,Middle_eastern
Aswad,Middle_eastern
Kanaan,Middle_eastern
Antar,Middle_eastern
Maroun,Middle_eastern
Cham,Middle_eastern
Kalb,Middle_eastern
Bazzi,Middle_eastern
Atiyeh,Middle_eastern
Koury,Middle_eastern
Nassar,Middle_eastern
Ghanem,Middle_eastern
Cham,Middle_eastern
Touma,Middle_eastern
Antar,Middle_eastern
Ganim,Middle_eastern
Seif,Middle_eastern
Hadad,Middle_eastern
Quraishi,Middle_eastern
Essa,Middle_eastern
Tannous,Middle_eastern
Tuma,Middle_eastern
Kalb,Middle_eastern
Mansour,Middle_eastern
Fakhoury,Middle_eastern
Shamon,Middle_eastern
Mustafa,Middle_eastern
Shadid,Middle_eastern
Haddad,Middle_eastern
Tannous,Middle_eastern
Issa,Middle_eastern
Kalb,Middle_eastern
Ganim,Middle_eastern
Haddad,Middle_eastern
Sabbag,Middle_eastern
Awad,Middle_eastern
Boulos,Middle_eastern
Daher,Middle_eastern
Nazari,Middle_eastern
Abboud,Middle_eastern
Srour,Middle_eastern
Shalhoub,Middle_eastern
Safar,Middle_eastern
Nader,Middle_eastern
Botros,Middle_eastern
Shalhoub,Middle_eastern
Assaf,Middle_eastern
Wasem,Middle_eastern
Baz,Middle_eastern
Naser,Middle_eastern
Awad,Middle_eastern
Nahas,Middle_eastern
Fakhoury,Middle_eastern
Atiyeh,Middle_eastern
Abadi,Middle_eastern
Bahar,Middle_eastern
Asfour,Middle_eastern
Bitar,Middle_eastern
Quraishi,Middle_eastern
Arian,Middle_eastern
Shamon,Middle_eastern
Kassis,Middle_eastern
Maroun,Middle_eastern
Harb,Middle_eastern
Assaf,Middle_eastern
Awad,Middle_eastern
Dagher,Middle_eastern
Bishara,Middle_eastern
Nader,Middle_eastern
Gerges,Middle_eastern
Hanania,Middle_eastern
Bishara,Middle_eastern
Kassis,Middle_eastern
Asghar,Middle_eastern
Nahas,Middle_eastern
Handal,Middle_eastern
Said,Middle_eastern
Khouri,Middle_eastern
Toma,Middle_eastern
Gerges,Middle_eastern
Kouri,Middle_eastern
Tannous,Middle_eastern
Shadid,Middle_eastern
Said,Middle_eastern
Srour,Middle_eastern
Kattan,Middle_eastern
Boutros,Middle_eastern
Hadad,Middle_eastern
Koury,Middle_eastern
Amari,Middle_eastern
Hanania,Middle_eastern
Bitar,Middle_eastern
Totah,Middle_eastern
Khoury,Middle_eastern
Abboud,Middle_eastern
Mifsud,Middle_eastern
Bazzi,Middle_eastern
Malouf,Middle_eastern
Zogby,Middle_eastern
Boutros,Middle_eastern
Nassar,Middle_eastern
Masih,Middle_eastern
Arian,Middle_eastern
Assaf,Middle_eastern
Asker,Middle_eastern
Awad,Middle_eastern
Khoury,Middle_eastern
Guirguis,Middle_eastern
Najjar,Middle_eastern
Nassar,Middle_eastern
Wasem,Middle_eastern
Fakhoury,Middle_eastern
Touma,Middle_eastern
Nazari,Middle_eastern
Naifeh,Middle_eastern
Sabbag,Middle_eastern
Isa,Middle_eastern
Kattan,Middle_eastern
Maroun,Middle_eastern
Harb,Middle_eastern
Tuma,Middle_eastern
Hadad,Middle_eastern
Haik,Middle_eastern
Qureshi,Middle_eastern
Shadid,Middle_eastern
Awad,Middle_eastern
Halabi,Middle_eastern
Sarkis,Middle_eastern
Fakhoury,Middle_eastern
Hajjar,Middle_eastern
Maroun,Middle_eastern
Harb,Middle_eastern
Shammas,Middle_eastern
Botros,Middle_eastern
Najjar,Middle_eastern
Maloof,Middle_eastern
Atiyeh,Middle_eastern
Kanaan,Middle_eastern
Halabi,Middle_eastern
Maalouf,Middle_eastern
Ganim,Middle_eastern
Shadid,Middle_eastern
Zogby,Middle_eastern
Shadid,Middle_eastern
Totah,Middle_eastern
Salib,Middle_eastern
Shamoon,Middle_eastern
Kassis,Middle_eastern
Almasi,Middle_eastern
Shamoon,Middle_eastern
Hakimi,Middle_eastern
Abboud,Middle_eastern
Seif,Middle_eastern
Nazari,Middle_eastern
Malouf,Middle_eastern
Zogby,Middle_eastern
Hadad,Middle_eastern
Abboud,Middle_eastern
Shamoun,Middle_eastern
Salib,Middle_eastern
Kassis,Middle_eastern
Maloof,Middle_eastern
Mansour,Middle_eastern
Sarraf,Middle_eastern
Qureshi,Middle_eastern
Ba,Middle_eastern
Morcos,Middle_eastern
Abadi,Middle_eastern
Bitar,Middle_eastern
Najjar,Middle_eastern
Mikhail,Middle_eastern
Boulos,Middle_eastern
Touma,Middle_eastern
Mansour,Middle_eastern
Issa,Middle_eastern
Daher,Middle_eastern
Botros,Middle_eastern
Haik,Middle_eastern
Asghar,Middle_eastern
Boutros,Middle_eastern
Aswad,Middle_eastern
Baba,Middle_eastern
Essa,Middle_eastern
Guirguis,Middle_eastern
Srour,Middle_eastern
Asghar,Middle_eastern
Quraishi,Middle_eastern
Cham,Middle_eastern
Bishara,Middle_eastern
Bitar,Middle_eastern
Samaha,Middle_eastern
Deeb,Middle_eastern
Harb,Middle_eastern
Ganim,Middle_eastern
Gaber,Middle_eastern
Asker,Middle_eastern
Morcos,Middle_eastern
Hanania,Middle_eastern
Amari,Middle_eastern
Kassab,Middle_eastern
Moghadam,Middle_eastern
Handal,Middle_eastern
Dagher,Middle_eastern
Atiyeh,Middle_eastern
Ganim,Middle_eastern
Sabbag,Middle_eastern
Halabi,Middle_eastern
Koury,Middle_eastern
Mustafa,Middle_eastern
Bishara,Middle_eastern
Asker,Middle_eastern
Nahas,Middle_eastern
Ganim,Middle_eastern
Shamoun,Middle_eastern
Safar,Middle_eastern
Hanania,Middle_eastern
Gerges,Middle_eastern
Ganim,Middle_eastern
Awad,Middle_eastern
Sabbag,Middle_eastern
Handal,Middle_eastern
Guirguis,Middle_eastern
Ganim,Middle_eastern
Toma,Middle_eastern
Masih,Middle_eastern
Wasem,Middle_eastern
Fakhoury,Middle_eastern
Ghanem,Middle_eastern
Mustafa,Middle_eastern
Sayegh,Middle_eastern
Antar,Middle_eastern
Shamoun,Middle_eastern
Mustafa,Middle_eastern
Abadi,Middle_eastern
Daher,Middle_eastern
Tuma,Middle_eastern
Sarraf,Middle_eastern
Ba,Middle_eastern
Shammas,Middle_eastern
Abboud,Middle_eastern
Shamoon,Middle_eastern
Safar,Middle_eastern
Almasi,Middle_eastern
Zogby,Middle_eastern
Najjar,Middle_eastern
Almasi,Middle_eastern
Tuma,Middle_eastern
Botros,Middle_eastern
Kattan,Middle_eastern
Assaf,Middle_eastern
Atiyeh,Middle_eastern
Mustafa,Middle_eastern
Rahal,Middle_eastern
Hadad,Middle_eastern
Tuma,Middle_eastern
Zogby,Middle_eastern
Nahas,Middle_eastern
Sabbagh,Middle_eastern
Boutros,Middle_eastern
Khouri,Middle_eastern
Maroun,Middle_eastern
Cham,Middle_eastern
Tahan,Middle_eastern
Salib,Middle_eastern
Saliba,Middle_eastern
Ganim,Middle_eastern
Toma,Middle_eastern
Haik,Middle_eastern
Kassis,Middle_eastern
Sarraf,Middle_eastern
Kanaan,Middle_eastern
Sleiman,Middle_eastern
Naser,Middle_eastern
Said,Middle_eastern
Harb,Middle_eastern
Kouri,Middle_eastern
Malouf,Middle_eastern
Sabbag,Middle_eastern
Tahan,Middle_eastern
Handal,Middle_eastern
Asfour,Middle_eastern
Saliba,Middle_eastern
Amari,Middle_eastern
Saliba,Middle_eastern
Sleiman,Middle_eastern
Guirguis,Middle_eastern
Ba,Middle_eastern
Boutros,Middle_eastern
Salib,Middle_eastern
Antoun,Middle_eastern
Kalb,Middle_eastern
Sarkis,Middle_eastern
Maloof,Middle_eastern
Sabbag,Middle_eastern
Cham,Middle_eastern
Ganim,Middle_eastern
Khoury,Middle_eastern
Khoury,Middle_eastern
Mustafa,Middle_eastern
Gaber,Middle_eastern
Mustafa,Middle_eastern
Almasi,Middle_eastern
Asghar,Middle_eastern
Kalb,Middle_eastern
Shamoun,Middle_eastern
Deeb,Middle_eastern
Rahal,Middle_eastern
Arian,Middle_eastern
Asker,Middle_eastern
Tahan,Middle_eastern
Baba,Middle_eastern
Baz,Middle_eastern
Najjar,Middle_eastern
Sleiman,Middle_eastern
Koury,Middle_eastern
Ba,Middle_eastern
Bahar,Middle_eastern
Antar,Middle_eastern
Sabbag,Middle_eastern
Naifeh,Middle_eastern
Kalb,Middle_eastern
Assaf,Middle_eastern
Shadid,Middle_eastern
Basara,Middle_eastern
Nassar,Middle_eastern
Moghadam,Middle_eastern
Salib,Middle_eastern
Naifeh,Middle_eastern
Hanania,Middle_eastern
Mifsud,Middle_eastern
Sarkis,Middle_eastern
Toma,Middle_eastern
Mikhail,Middle_eastern
Essa,Middle_eastern
Ganim,Middle_eastern
Maung,Burmese
Aung,Burmese
Win,Burmese
Khine,Burmese
May,Burmese
Soe,Burmese
Yu,Burmese
San,Burmese
Moe,Burmese
Lei,Burmese
Htet,Burmese
Lay,Burmese
Myo,Burmese
Htun,Burmese
Moh,Burmese
Khaing,Burmese
Wei,Burmese
Thant,Burmese
Han,Burmese
Let,Burmese
Yee,Burmese
Gem,Burmese
Tint,Burmese
Htoo,Burmese
Latt,Burmese
Sein,Burmese
Nyo,Burmese
Toe,Burmese
Minn,Burmese
Thwin,Burmese
Nam,Burmese
Thaung,Burmese
Sin,Burmese
Ado,Burmese
Wynn,Burmese
Yuzana,Burmese
Zan,Burmese
Winn,Burmese
Ohn,Burmese
Zarni,Burmese
Thinn,Burmese
Dar,Burmese
Cai,Chinese
Chai,Chinese
Chan,Chinese
Chao,Chinese
Che,Chinese
Chew,Chinese
Chin,Chinese
Deng,Chinese
Fung,Chinese
Gauk,Chinese
Hong,Chinese
Hua,Chinese
Hui,Chinese
Huo,Chinese
Kau,Chinese
Lau,Chinese
Mak,Chinese
Meng,Chinese
Niu,Chinese
Pei,Chinese
Peng,Chinese
Sam,Chinese
Shan,Chinese
Sheng,Chinese
Shu,Chinese
Siew,Chinese
Teoh,Chinese
Tze,Chinese
Woo,Chinese
Xiao,Chinese
Xue,Chinese
Yao,Chinese
Yee,Chinese
Yep,Chinese
Yim,Chinese
Yong,Chinese
Zeng,Chinese
Zou,Chinese
Chu,Chinese
Gou,Chinese
Hong,Chinese
Kui,Chinese
Lu:,Chinese
Qing,Chinese
Shuo,Chinese
Wei,Chinese
Xie,Chinese
Zhai,Chinese
Wang,Chinese
Yang,Chinese
Huang,Chinese
Zhao,Chinese
Zhou,Chinese
Zhu,Chinese
Sun,Chinese
Gao,Chinese
Tang,Chinese
Song,Chinese
Peng,Chinese
Meng,Chinese
Dai,Chinese
Gu,Chinese
Hou,Chinese
Xiong,Chinese
Qi,Chinese
Tao,Chinese
Kong,Chinese
Di,Chinese
You,Chinese
Shang,Chinese
Jiao,Chinese
Shu,Chinese
Bi,Chinese
Hua,Chinese
Jing,Chinese
Huo,Chinese
Pei,Chinese
Nong,Chinese
Mai,Chinese
Gou,Chinese
Cen,Chinese
Dang,Chinese
Leng,Chinese
Zong,Chinese
Gui,Chinese
Min,Chinese
Luan,Chinese
Kou,Chinese
Cong,Chinese
Ban,Chinese
Lao,Chinese
Hai,Chinese
Qiang,Chinese
Chao,Chinese
Na,Chinese
Zan,Chinese
Heng,Chinese
Wong,Chinese
Chan,Chinese
Ouyang,Chinese
Lau,Chinese
Ho,Chinese
Hsu,Chinese
Jun,Chinese
Zi,Chinese
Woo,Chinese
Chong,Chinese
Tuo,Chinese
Cang,Chinese
Smith,Chinese
Zha,Chinese
Nian,Chinese
Kui,Chinese
Bie,Chinese
Tsui,Chinese
Ben,Chinese
Ku,Chinese
Dun,Chinese
Tseng,Chinese
Cun,Chinese
Er,Chinese
Wilson,Chinese
Mak,Chinese
Lie,Chinese
Run,Chinese
Sung,Chinese
Ballaltick,Czech
Bartonova,Czech
Baroch,Czech
Benesch,Czech
Blazek,Czech
Blazejovsky,Czech
Blober,Czech
Bohac,Czech
Bolcar,Czech
Borowski,Czech
Brousil,Czech
Cablikova,Czech
Chermak,Czech
Cernohous,Czech
Charlott,Czech
Chemlik,Czech
Chicken,Czech
Colling,Czech
Cvacek,Czech
Dopita,Czech
Duyava,Czech
Faltejsek,Czech
Fillipova,Czech
Fojtikova,Czech
Fremut,Czech
Fritsch,Czech
Glatter,Czech
Grabski,Czech
Hanek,Czech
Handzlik,Czech
Havlatova,Czech
Herodes,Czech
Hlavsa,Czech
Hnizdil,Czech
Hodoval,Czech
Homulka,Czech
Hrabak,Czech
Hudecek,Czech
Jaluvka,Czech
Jenicek,Czech
Jarzembowski,Czech
Kafka,Czech
Katschker,Czech
Kesl,Czech
Klemper,Czech
Kofron,Czech
Kolman,Czech
Koma,Czech
Kouba,Czech
Koukal,Czech
Kremlicka,Czech
Krivolavy,Czech
Kucera,Czech
Kvasnicka,Czech
Lawa,Czech
Linart,Czech
Machacek,Czech
Malafa,Czech
Maly,Czech
Marik,Czech
Matjeka,Czech
Maxa/B,Czech
Molcan,Czech
Nadwornik,Czech
Navara,Czech
Nemec,Czech
Oborny,Czech
Okenfuss,Czech
Opizka,Czech
Osladil,Czech
Panek,Czech
Peary,Czech
Perevuznik,Czech
Petrezelka,Czech
Pinter,Czech
Piskach,Czech
Plisek,Czech
Ponec,Czech
Prachar,Czech
Praseta,Czech
Quasninsky,Czech
Rezac,Czech
Rozinek,Czech
Sappe,Czech
Satorie,Czech
Svotak,Czech
Schallom,Czech
Schenk,Czech
Simecek,Czech
Slapnickova,Czech
Slejtr,Czech
Soukup,Czech
Srda,Czech
Srpcikova,Czech
Stedronsky,Czech
Stluka,Czech
Stotzky,Czech
Svejda,Czech
Svoboda,Czech
Tikal,Czech
Timpy,Czech
Tomanek,Czech
Treblik,Czech
Uhlik,Czech
Urbanek,Czech
Vaculova,Czech
Vejvoda,Czech
Vlach,Czech
Volcik,Czech
Vrazel,Czech
Wizner,Czech
Wondracek,Czech
Zaruba,Czech
Aalsburg,Dutch
Aggelen,Dutch
Agteren,Dutch
Agthoven,Dutch
Akkeren,Dutch
Altena,Dutch
Antwerpen,Dutch
Apeldoorn,Dutch
Arendonk,Dutch
Breda,Dutch
Buggenum,Dutch
Daalen,Dutch
Daele,Dutch
Beek,Dutch
Veen,Dutch
Donk,Dutch
Haanrade,Dutch
Haanrath,Dutch
Horn,Dutch
Kann,Dutch
Kanne,Dutch
Karl,Dutch
Klein,Dutch
Klerken,Dutch
Klerks,Dutch
Klerkx,Dutch
Kloeten,Dutch
Koning,Dutch
Koole,Dutch
Koumans,Dutch
Lauwers,Dutch
Maes,Dutch
Maessen,Dutch
Meeuwissen,Dutch
Meisner,Dutch
Michel,Dutch
Niftrik,Dutch
Oorschot,Dutch
Panders,Dutch
Peerenboom,Dutch
Penders,Dutch
Peusen,Dutch
Prinsen,Dutch
Rademakers,Dutch
Ramaker,Dutch
Rameckers,Dutch
Reijnder,Dutch
Reynder,Dutch
Richard,Dutch
Roggeveen,Dutch
Roijakker,Dutch
Romijnders,Dutch
Rompaey,Dutch
Rompaye,Dutch
Rooiakker,Dutch
Roosa,Dutch
Rossem,Dutch
Segher,Dutch
Simon,Dutch
Simonis,Dutch
Slootmaekers,Dutch
Sneijder,Dutch
Vandroogenbroeck,Dutch
Jonsson,Swedish
Jansson,Swedish
Petersson,Swedish
Sandberg,Swedish
Lundin,Swedish
Holm,Swedish
Wallin,Swedish
Björklund,Swedish
Sundberg,Swedish
Dahlberg,Swedish
Blomqvist,Swedish
Bergqvist,Swedish
Davidsson,Swedish
Skoglund,Swedish
Boström,Swedish
Söderlund,Swedish
Sjöström,Swedish
Rosén,Swedish
Malm,Swedish
Viklund,Swedish
Östlund,Swedish
Norén,Swedish
Lindell,Swedish
Lundmark,Swedish
Pålsson,Swedish
Jacobsson,Swedish
Öhman,Swedish
Linder,Swedish
Ljung,Swedish
Ekberg,Swedish
Hellberg,Swedish
Berntsson,Swedish
Augustsson,Swedish
Lindkvist,Swedish
Mohamed,Swedish
Wiberg,Swedish
Torstensson,Swedish
Andersen,Swedish
Edström,Swedish
Österberg,Swedish
Byström,Swedish
Lövgren,Swedish
Larsen,Swedish
Rydberg,Swedish
Skog,Swedish
Ekholm,Swedish
Salomonsson,Swedish
Sahlin,Swedish
Wall,Swedish
Hultman,Swedish
Bäck,Swedish
Malmgren,Swedish
Nylander,Swedish
Ekstrand,Swedish
Rydén,Swedish
Engberg,Swedish
Jeppsson,Swedish
Sandgren,Swedish
Strid,Swedish
Engdahl,Swedish
Thorén,Swedish
Helgesson,Swedish
Norling,Swedish
Lundh,Swedish
Bohlin,Swedish
Elofsson,Swedish
Landin,Swedish
Halvarsson,Swedish
Borgström,Swedish
Gren,Swedish
Sundell,Swedish
Rosenqvist,Swedish
Åslund,Swedish
Edin,Swedish
Rasmussen,Swedish
Johansen,Swedish
Lidström,Swedish
Stenlund,Swedish
Widén,Swedish
Steen,Swedish
Rosenberg,Swedish
Petersen,Swedish
Grönlund,Swedish
Nylén,Swedish
Lundahl,Swedish
Nyqvist,Swedish
Hjort,Swedish
Vestman,Swedish
Bergdahl,Swedish
Åkerman,Swedish
Edvinsson,Swedish
Storm,Swedish
Hurtig,Swedish
Wallberg,Swedish
Bäcklund,Swedish
Högström,Swedish
Abbott,British
Adair,British
Adamson,British
Addams,British
Adkins,British
Adsett,British
Ahmed,British
Albutt,British
Alder,British
Alderson,British
Alford,British
Allen,British
Alliott,British
Allkins,British
Alves,British
Alway,British
Amner,British
Anakin,British
Andrew,British
Anley,British
Anscombe,British
Anton,British
Antram,British
Appleyard,British
Arah,British
Archer,British
Armer,British
Arnall,British
Arnold,British
Arscott,British
Ashbridge,British
Ashman,British
Ashwell,British
Aspey,British
Aspin,British
Aspinall,British
Atkin,British
Attard,British
Bacon,British
Bainbridge,British
Bains,British
Baker,British
Ballard,British
Banks,British
Barclay,British
Barrow,British
Bateman,British
Bayliss,British
Beale,British
Beatty,British
Benfield,British
Bentley,British
Best,British
Beveridge,British
Bickley,British
Bill,British
Bird,British
Black,British
Bond,British
Bouvet,British
Bowes,British
Bradley,British
Brady,British
Brain,British
Bramley,British
Brandrick,British
Bright,British
Broadhurst,British
Broadley,British
Brock,British
Brook,British
Brooks,British
Broomfield,British
Browne,British
Bruce,British
Burdett,British
Burge,British
Burke,British
Burnett,British
Burr,British
Burrows,British
Burton,British
Butcher,British
Button,British
Byrne,British
Caldwell,British
Callaghan,British
Calveley,British
Calvert,British
Campbell,British
Carling,British
Carnegie,British
Carrington,British
Carson,British
Carter,British
Carty,British
Casey,British
Cawley,British
Chalmers,British
Chauhan,British
Cheshire,British
Child,British
Christie,British
Cleary,British
Cleaver,British
Cochrane,British
Cockburn,British
Coll,British
Collett,British
Collier,British
Collingwood,British
Compton,British
Conway,British
Cookson,British
Copley,British
Corbett,British
Corcoran,British
Corlett,British
Corr,British
Cottrell,British
Coulter,British
Coward,British
Cox,British
Crabb,British
Crabtree,British
Cracknell,British
Creasey,British
Cripps,British
Crofts,British
Croucher,British
Crown,British
Crump,British
Cullen,British
Cumming,British
Cummins,British
Currie,British
Curry,British
Daly,British
Dalzell,British
Danby,British
Daniel,British
Daniels,British
Darbyshire,British
Darlington,British
Daugherty,British
Davidson,British
Davie,British
Davies,British
Dawkins,British
Deakin,British
Deane,British
Delaney,British
Dempster,British
Derrick,British
Dibble,British
Dickenson,British
Dicker,British
Dingle,British
Dipper,British
Dixon,British
Docker,British
Dolcy,British
Donkin,British
Donohoe,British
Doran,British
Douglas,British
Dowell,British
Dowling,British
Downs,British
Downton,British
Drake,British
Ducon,British
Dunlop,British
Dunmore,British
Dupont,British
Dutt,British
Duvall,British
Eansworth,British
Earle,British
Easdale,British
Eatherington,British
Eaves,British
Eccleston,British
Ecclestone,British
Eddy,British
Edeson,British
Edgell,British
Edgson,British
Edmundson,British
Egleton,British
Eilers,British
Eldeston,British
Elkin,British
Ellans,British
Ellard,British
Ellershaw,British
Ellis,British
Ellwood,British
Elson,British
Elworthy,British
Emmery,British
Emmins,British
Emmons,British
Ennis,British
Entwistle,British
Erridge,British
Errington,British
Errity,British
Estlick,British
Etchells,British
Everdell,British
Everson,British
Ewin,British
Ewles,British
Eyett,British
Eyres,British
Fagon,British
Fairchild,British
Fallows,British
Farnsworth,British
Farrar,British
Faulkner,British
Fearnley,British
Featherstone,British
Fellmen,British
Fenwick,British
Fernyhough,British
Fewtrell,British
Fielding,British
Finan,British
Finn,British
Fischer,British
Flynn,British
Fogg,British
Foreman,British
Forster,British
Forth,British
Fosse,British
Foster,British
Fothergill,British
Fox,British
Frame,British
Frampton,British
Frankish,British
Fretwell,British
Froggatt,British
Frost,British
Fulton,British
Furness,British
Furnish,British
Galbraith,British
Gallagher,British
Galliford,British
Gallo,British
Ganivet,British
Garland,British
Garner,British
Gascoyne,British
Gately,British
Gates,British
Geldard,British
Gibson,British
Gillam,British
Gilmore,British
Glasgow,British
Glennie,British
Godden,British
Goff,British
Gooch,British
Good,British
Goodacre,British
Gooding,British
Goodwin,British
Gordon,British
Gosling,British
Gould,British
Granger,British
Green,British
Greenleaf,British
Greenwood,British
Gregory,British
Greig,British
Grey,British
Grierson,British
Grogan,British
Groom,British
Gunn,British
Gunning,British
Haddock,British
Haines,British
Halford,British
Hallett,British
Hamnett,British
Hampson,British
Hampton,British
Harker,British
Harlow,British
Harness,British
Harris,British
Harvey,British
Hawker,British
Hayward,British
Heathcote,British
Hegney,British
Helm,British
Hepples,British
Herron,British
Hewlett,British
Hitchcock,British
Hocking,British
Hodgkins,British
Holdsworth,British
Hole,British
Holgate,British
Hollis,British
Hood,British
Hook,British
Hopes,British
Hopkinson,British
Howe,British
Hubbard,British
Hutchings,British
Hyde,British
Ibbs,British
Iddon,British
Iles,British
Ilsley,British
Impey,British
Ingermann,British
Inson,British
Ireson,British
Ironmonger,British
Isaacs,British
Janes,British
Jardine,British
Jarram,British
Jarrett,British
Jebson,British
Jeffcock,British
Jefferson,British
Jeffery,British
Jeffreys,British
Jenkins,British
Jennison,British
Jewers,British
Jewitt,British
Johansen,British
Johnson,British
Johnstone,British
Jordison,British
Joynson,British
Judd,British
Judge,British
Jupp,British
Kaddour,British
Kanes,British
Karne,British
Kaufman,British
Kavanagh,British
Keable,British
Kearney,British
Keay,British
Keegan,British
Keighley,British
Keilty,British
Kellie,British
Kelliher,British
Kendall,British
Kendrick,British
Kennett,British
Kenyon,British
Kerrell,British
Kerrigan,British
Kershaw,British
Ketteringham,British
Keywood,British
Khalid,British
Khalifa,British
Kiddle,British
Kidman,British
Kiernan,British
Kill,British
Killeen,British
Killick,British
Killock,British
Kilmurry,British
Kilroy,British
Kinchin,British
Kingdon,British
Kingston,British
Kipling,British
Kirtley,British
Kitson,British
Knigge,British
Knowler,British
Knox,British
Knutt,British
Kolt,British
Kone,British
Kurray,British
Kysel,British
Lacy,British
Lamond,British
Lancaster,British
Langdon,British
Langridge,British
Latham,British
Laurie,British
Lavery,British
Lawal,British
Lawler,British
Lawrence,British
Lawrie,British
Leahy,British
Leck,British
Ledger,British
Lees,British
Leese,British
Leslie,British
Lewin,British
Lewington,British
Leyshon,British
Liddell,British
Lilly,British
Lilwall,British
Little,British
Livermore,British
Loat,British
Lock,British
Locke,British
Lockhart,British
Lockyer,British
Logan,British
Lomax,British
Lonsdale,British
Loudon,British
Louth,British
Lovatt,British
Lovey,British
Lowbridge,British
Lowes,British
Lowis,British
Lucey,British
Luckhurst,British
Lynas,British
Lynch,British
Lyon,British
Lyons,British
Macmillan,British
Maguire,British
Main,British
Mallinson,British
Mansfield,British
Markham,British
Masters,British
Matthams,British
May,British
Mccarthy,British
Mccluskey,British
Mcconnell,British
Mccormick,British
Mcdonagh,British
Mcdonnell,British
Mcfadden,British
Mcginty,British
Mcgrath,British
Mckenna,British
Mcnamara,British
Mellor,British
Meredith,British
Metcalf,British
Mill,British
Milne,British
Monaghan,British
Montgomery,British
Moreno,British
Morley,British
Moroney,British
Morrison,British
Morton,British
Moss,British
Muir,British
Mundy,British
Murphy,British
Myers,British
Nairn,British
Nartey,British
Naughton,British
Neale,British
Negros,British
Nemeth,British
Newberry,British
Newbold,British
Newby,British
Newey,British
Newham,British
Newington,British
Nicholas,British
Nickel,British
Noon,British
Norcross,British
Norm,British
Nott,British
Nowak,British
Nowell,British
Nurse,British
Nutt,British
Ocallaghan,British
Odriscoll,British
Ogrady,British
Oldfield,British
Oldham,British
Olding,British
Oloughlin,British
Oman,British
Oneill,British
Orbell,British
Orme,British
Oswald,British
Otten,British
Overing,British
Owen,British
Oxenham,British
Pack,British
Packer,British
Pailing,British
Palin,British
Pannell,British
Park,British
Parker,British
Parnell,British
Parratt,British
Parrott,British
Pateman,British
Paul,British
Peacock,British
Peal,British
Peat,British
Peck,British
Peebles,British
Pemberton,British
Penfold,British
Penn,British
Perks,British
Perry,British
Peterson,British
Phelan,British
Phelps,British
Phillips,British
Pick,British
Pickersgill,British
Pickford,British
Picot,British
Pierce,British
Pierre,British
Pigott,British
Pinder,British
Pipe,British
Piper,British
Pitchford,British
Pitts,British
Plouvin,British
Pollard,British
Poole,British
Pope,British
Powis,British
Preece,British
Prendergast,British
Prevost,British
Prime,British
Prosser,British
Purcell,British
Quinn,British
Rahman,British
Ralph,British
Ramsey,British
Raval,British
Ravenscroft,British
Redman,British
Reed,British
Regent,British
Rehman,British
Renwick,British
Reygan,British
Reynolds,British
Rhoades,British
Rhodes,British
Rich,British
Rickett,British
Ricketts,British
Riddell,British
Ridge,British
Ridle,British
Rigby,British
Ripley,British
Ritchie,British
Robbins,British
Robin,British
Roden,British
Rodham,British
Rodriguez,British
Roffey,British
Rogan,British
Rook,British
Ropple,British
Rosenbloom,British
Ross,British
Rowan,British
Rowley,British
Royle,British
Ruff,British
Rumbold,British
Rush,British
Rushbrooke,British
Rust,British
Rutter,British
Salter,British
Sampson,British
Sanders,British
Savage,British
Sawyer,British
Schmidt,British
Scott,British
Searle,British
Selby,British
Senior,British
Seymour,British
Shah,British
Shanks,British
Shannon,British
Sharma,British
Shearer,British
Sheridan,British
Shields,British
Simms,British
Sisson,British
Sissons,British
Skelton,British
Small,British
Smithson,British
Snowdon,British
Southern,British
Speed,British
Spicer,British
Spiller,British
Spinks,British
Stanford,British
Stanley,British
Stannard,British
Steele,British
Stocker,British
Stockley,British
Stout,British
Strong,British
Sturrock,British
Styles,British
Summers,British
Swann,British
Tatlock,British
Tayler,British
Teague,British
Teale,British
Teasdale,British
Tempest,British
Terry,British
Thom,British
Thorpe,British
Tierney,British
Tilston,British
Timmins,British
Tinker,British
Tipping,British
Titmarsh,British
Toal,British
Tomlinson,British
Tonge,British
Toomer,British
Topliss,British
Topp,British
Torrance,British
Tovar,British
Townend,British
Tozer,British
Trainor,British
Treble,British
Trent,British
Treseder,British
Trew,British
Trigg,British
Trinder,British
Troon,British
Tudor,British
Tuffnell,British
Tugwell,British
Turkington,British
Turnbull,British
Turrell,British
Tuttle,British
Tutton,British
Tyne,British
Underdown,British
Uttridge,British
Varndell,British
Vaughan,British
Venables,British
Verdon,British
Verell,British
Vickerman,British
Vikers,British
Villis,British
Vince,British
Viner,British
Vodden,British
Voyse,British
Wakeford,British
Wale,British
Wall,British
Walpole,British
Walsh,British
Walter,British
Walters,British
Warburton,British
Warby,British
Waters,British
Watling,British
Were,British
Westwood,British
White,British
Whitehouse,British
Whitfield,British
Whittingham,British
Whittington,British
Wiggins,British
Willson,British
Wilson,British
Wiltshire,British
Wintersgill,British
Wither,British
Wood,British
Woodcock,British
Woodhead,British
Woodhouse,British
Wormald,British
Wrigglesworth,British
Wright,British
Yarlett,British
Yarnall,British
Yeardsley,British
Yeung,British
Young,British
Younis,British
Ahearn,British
Brady,British
Callaghan,British
Cennetig,British
Cleirigh,British
Conchobhar,British
Corraidhin,British
Desmond,British
Fionn,British
Login,British
Macdermott,British
Mcguire,British
Mohan,British
Naomhan,British
Neville,British
O'Boyle,British
O'Connor,British
O'Grady,British
O'Malley,British
O'Meara,British
O'Reilly,British
Reilly,British
Riain,British
Roach,British
Ruadhain,British
Ruadhan,British
Sechnall,British
Sheehy,British
Treasach,British
Smith,British
Brown,British
Thomson,British
Robertson,British
Taylor,British
Clark,British
Walker,British
Fraser,British
Mcdonald,British
Hamilton,British
Mackenzie,British
Simpson,British
Wallace,British
Munro,British
Watt,British
Mckenzie,British
Sinclair,British
Millar,British
Crawford,British
Shaw,British
Hay,British
Lindsay,British
Mccallum,British
Whyte,British
Jackson,British
Arthur,French
Beaulieu,French
Béringer,French
Bisset,French
Bonfils,French
Bonnaire,French
Bonnay,French
Bonner,French
Bordelon,French
Brisbois,French
Chevalier,French
Chevrolet,French
Delacroix,French
Deniaud,French
Denis,French
Duchamps,French
Dufort,French
Duguay,French
Duval,French
Fontaine,French
Fortier,French
Gardinier,French
Géroux,French
Granger,French
Hébert,French
Jacques,French
Lachance,French
Legrand,French
Lémieux,French
Leroy,French
Lévêque,French
Maçon,French
Marion,French
Martin,French
Masson,French
Monette,French
Moulin,French
Noel,French
Page,French
Paget,French
Pan,French
Perreault,French
Petit,French
Poingdestre,French
Poirier,French
Porcher,French
Richelieu,French
Roche,French
Rose,French
Roux,French
Salvage,French
Sarkozy,French
Sauvageon,French
Tailler,French
Thomas,French
Tolbert,French
Travert,French
Yount,French
Robert,French
Morel,French
Lefebvre,French
Faure,French
Bonnet,French
Vincent,French
Boyer,French
Lemaire,French
Fontaine,French
Lopez,French
Gaillard,French
Fabre,French
Payet,French
Philippe,French
Deschamps,French
Baron,French
Adam,French
Francois,French
Vasseur,French
Leclercq,French
Besson,French
Jacob,French
Hamon,French
Chevallier,French
Boucher,French
Bailly,French
Gerard,French
Martins,French
Cousin,French
Mallet,French
Tessier,French
Jacques,French
Alexandre,French
Gros,French
Lesage,French
Joubert,French
Briand,French
Marin,French
Raymond,French
Lenoir,French
Bonneau,French
Lacoste,French
Carre,French
Guibert,French
Bonnin,French
Maillet,French
Auger,French
Bazin,French
Descamps,French
Abt,German
Adam,German
Aleshire,German
Auttenberg,German
Bähr,German
Bauers,German
Baumann,German
Baumgartner,German
Baumhauer,German
Beltz,German
Best,German
Beyer,German
Boehler,German
Borchard,German
Brand,German
Brauer,German
Breiner,German
Breisacher,German
Bruhn,German
Bumgarner,German
Burgstaller,German
Derrick,German
Dohman,German
Dreher,German
Dressler,German
Dunst,German
Eberhardt,German
Enns,German
Esser,German
Falk,German
Feigenbaum,German
Fenstermacher,German
Fiedler,German
Fischer,German
Flater,German
Franke,German
Freud,German
Fuhrmann,German
Gaertner,German
Garver,German
Gehring,German
Geier,German
Geisler,German
Gerstle,German
Glöckner,German
Goldschmidt,German
Gottschalk,German
Gross,German
Größel,German
Grünewald,German
Gwerder,German
Haase,German
Haber,German
Hall,German
Hasek,German
Heppenheimer,German
Hertz,German
Hildebrand,German
Hintzen,German
Hoch,German
Hoffmann,German
Höfler,German
Hofmann,German
Hoover,German
Hummel,German
Jordan,German
Junge,German
Kalb,German
Karl,German
Kästner,German
Käufer,German
Keller,German
Kerner,German
Kerwer,German
Kiefer,German
Klossner,German
Kneib,German
Kock,German
Koenigsmann,German
Köhler,German
Kopp,German
Kramer,German
Krantz,German
Kraus,German
Kron,German
Kruckel,German
Küchler,German
Kundert,German
Kunkel,German
Lauritz,German
Lawerenz,German
Lawrenz,German
Leitner,German
Lorenzen,German
Loris,German
Loritz,German
Luther,German
Martin,German
Martz,German
Maurer,German
Mayer,German
Messner,German
Meyer,German
Muhlfeld,German
Ohme,German
Oppenheimer,German
Otto,German
Paternoster,German
Pfaff,German
Pfenning,German
Plank,German
Reiter,German
Reuter,German
Richard,German
Rothbauer,German
Sachs,German
Salomon,German
Scheinberg,German
Schirmer,German
Schmitz,German
Schnoor,German
Schnur,German
Schräder,German
Schreck,German
Schröter,German
Schuhart,German
Schult,German
Schultheiß,German
Schulze,German
Schuster,German
Schwartz,German
Schwinghammer,German
Seidel,German
Senft,German
Sheinfeld,German
Siegel,German
Siskind,German
Sitz,German
Sitz,German
Specht,German
Spellmeyer,German
Sponaugle,German
Stenger,German
Steuben,German
Stoppelbein,German
Straub,German
Stroman,German
Sturm,German
Suess,German
Swango,German
Trumbauer,German
Voigts,German
Von essen,German
Von grimmelshausen,German
Weigand,German
Weiss,German
Welter,German
Werner,German
Wexler,German
Wiegand,German
Winther,German
Wirt,German
Zimmerman,German
Antipas,Greek
Antonakos,Greek
Antoniadis,Greek
Avgerinos,Greek
Bilias,Greek
Chrysanthopoulos,Greek
Comino,Greek
Close,Greek
Close,Greek
Demas,Greek
Diakogeorgiou,Greek
Drivakis,Greek
Fotopoulos,Greek
Fourakis,Greek
Frangopoulos,Greek
Gavrilopoulos,Greek
Gianakopulos,Greek
Honjas,Greek
Houlis,Greek
Kalakos,Greek
Karahalios,Greek
Kolovos,Greek
Kotsiopoulos,Greek
Koumanidis,Greek
Kouretas,Greek
Kringos,Greek
Leontarakis,Greek
Liatos,Greek
Manos,Greek
Michalaras,Greek
Moraitopoulos,Greek
Nomikos,Greek
Paschalis,Greek
Pefanis,Greek
Poniros,Greek
Protopsaltis,Greek
Sfakianos,Greek
Sortras,Greek
Sotiris,Greek
Spyridis,Greek
Stamatas,Greek
Tselios,Greek
Vassilopulos,Greek
Kumar,Indian
Kaur,Indian
Ram,Indian
Sharma,Indian
Sah,Indian
Patil,Indian
Begum,Indian
Thakor,Indian
Pradhan,Indian
Raut,Indian
Patra,Indian
Solanki,Indian
Prakash,Indian
Sinh,Indian
Pandey,Indian
Raj,Indian
Gayakwad,Indian
More,Indian
Bag,Indian
Reddy,Indian
Verma,Indian
Shankar,Indian
Gogoi,Indian
Rathav,Indian
Mukherjee,Indian
Marak,Indian
Pramanik,Indian
Mistri,Indian
Kale,Indian
Soni,Indian
Sen,Indian
Mallick,Indian
Maity,Indian
Sonvane,Indian
Raval,Indian
Harijan,Indian
Samanta,Indian
Pande,Indian
Saikia,Indian
Mahapatra,Indian
Adhikari,Indian
Lohar,Indian
Parida,Indian
Solank,Indian
Areddy,Indian
Bora,Indian
Thakare,Indian
Majumdar,Indian
Goswami,Indian
Rahaman,Indian
Damor,Indian
Gaud,Indian
Suryavanshi,Indian
Dash,Indian
Rabari,Indian
Shamar,Indian
Chowdhury,Indian
Kali,Indian
Sutar,Indian
Arora,Indian
Parkash,Indian
Vagh,Indian
Saiekh,Indian
Sau,Indian
Meher,Indian
Haque,Indian
Bhat,Indian
Pancal,Indian
Dehuri,Indian
Basak,Indian
Thorat,Indian
Ruidas,Indian
Ara,Indian
Parvin,Indian
Thapa,Indian
Shelke,Indian
Santra,Indian
Tamang,Indian
Baitha,Indian
Ranjan,Indian
Jadej,Indian
Dube,Indian
Agrawal,Indian
Dayal,Indian
Shekh,Indian
Gopal,Indian
Modak,Indian
Rajput,Indian
Pillai,Indian
Bhila,Indian
Kujur,Indian
Poddar,Indian
Mir,Indian
Pradhana,Indian
Basu,Indian
Ravat,Indian
Bose,Indian
Rishi,Indian
Shabar,Indian
Datta,Indian
Masih,Indian
Gandhi,Indian
Akhter,Indian
Muduli,Indian
Tripura,Indian
Hak,Indian
Rout,Indian
Kant,Indian
Amma,Indian
Shende,Indian
Valvi,Indian
Gawde,Indian
Hiremath,Indian
Baraiy,Indian
Dar,Indian
Sable,Indian
Mani,Indian
Chhetri,Indian
Naidu,Indian
Sarma,Indian
Bhatt,Indian
Dalai,Indian
Mahtre,Indian
Bhumij,Indian
Hossain,Indian
Karri,Indian
Miah,Indian
Mehata,Indian
Boruah,Indian
Puri,Indian
Gaddam,Indian
Talavar,Indian
Khatua,Indian
Padhi,Indian
Tambe,Indian
Kayal,Indian
Ghorai,Indian
Prkash,Indian
Nakka,Indian
Bandaru,Indian
Hajong,Indian
Dalei,Indian
Mekala,Indian
Chakali,Indian
Saravaiy,Indian
Kole,Indian
Gosavi,Indian
Panja,Indian
Sathe,Indian
Baishya,Indian
Gavande,Indian
Bar,Indian
Kuvar,Indian
Khade,Indian
Routh,Indian
Gamar,Indian
Suna,Indian
Gouda,Indian
Mura,Indian
Nadaph,Indian
Teli,Indian
Kutty,Indian
Rajan,Indian
Palli,Indian
Katar,Indian
Dhal,Indian
Imi,Indian
Kummari,Indian
Gain,Indian
Simha,Indian
Gangurde,Indian
Devre,Indian
Mahammad,Indian
Lad,Indian
Jagdale,Indian
Mistry,Indian
Bhanu,Indian
Sai,Indian
Rathaur,Indian
Shrivastava,Indian
Bankar,Indian
Khairnar,Indian
Purohit,Indian
Daimari,Indian
Amin,Indian
Purkait,Indian
Pilli,Indian
Dava,Indian
Khanra,Indian
Niwas,Indian
Seikh,Indian
Patole,Indian
Datt,Indian
Vyas,Indian
Pasupuleti,Indian
Rokade,Indian
Shafi,Indian
Pala,Indian
Hirajan,Indian
Kapur,Indian
Chaube,Indian
Gharami,Indian
Chaturvedi,Indian
Abbas,Indian
Jangam,Indian
Mamidi,Indian
Baske,Indian
Mahananda,Indian
Ghule,Indian
Sari,Indonesian
Rahayu,Indonesian
Dewi,Indonesian
Arifin,Indonesian
Siregar,Indonesian
Putri,Indonesian
Efendi,Indonesian
Utami,Indonesian
Hermawan,Indonesian
Rahmawati,Indonesian
Harahap,Indonesian
Purba,Indonesian
Rohman,Indonesian
Utomo,Indonesian
Ahmad,Indonesian
Yani,Indonesian
Aisyah,Indonesian
Amin,Indonesian
Aisah,Indonesian
Kurnia,Indonesian
Firmansyah,Indonesian
Kusuma,Indonesian
Kogoya,Indonesian
Hamid,Indonesian
Kurniasih,Indonesian
Kartini,Indonesian
Manurung,Indonesian
Damayanti,Indonesian
Panjaitan,Indonesian
Anam,Indonesian
Cahyono,Indonesian
Arif,Indonesian
Nurdin,Indonesian
Raharjo,Indonesian
Candra,Indonesian
Sopian,Indonesian
Manalu,Indonesian
Setiadi,Indonesian
Ratnasari,Indonesian
Pamungkas,Indonesian
Sanusi,Indonesian
Manik,Indonesian
Hutabarat,Indonesian
Sianturi,Indonesian
Sundari,Indonesian
Waruwu,Indonesian
Zebua,Indonesian
Solihin,Indonesian
Sitompul,Indonesian
Maesaroh,Indonesian
Simatupang,Indonesian
Fauziah,Indonesian
Purnamasari,Indonesian
Kulsum,Indonesian
Sitepu,Indonesian
Yahya,Indonesian
Mahmud,Indonesian
Hamzah,Indonesian
Marpaung,Indonesian
Nasir,Indonesian
Sukaesih,Indonesian
Asiyah,Indonesian
Nababan,Indonesian
Samsudin,Indonesian
Sihotang,Indonesian
Romlah,Indonesian
Fitria,Indonesian
Maemunah,Indonesian
Muslim,Indonesian
Rambe,Indonesian
Apriani,Indonesian
Santi,Indonesian
Cahyadi,Indonesian
Sholeh,Indonesian
Sujana,Indonesian
Hs,Indonesian
Mardiana,Indonesian
Andayani,Indonesian
Suhendi,Indonesian
Munandar,Indonesian
Syafii,Indonesian
Koswara,Indonesian
Napitupulu,Indonesian
Hutapea,Indonesian
Bakar,Indonesian
Dani,Indonesian
Aryani,Indonesian
Nurjaman,Indonesian
Ani,Indonesian
Ulum,Indonesian
Yana,Indonesian
Widjaja,Indonesian
Jamilah,Indonesian
Juariah,Indonesian
Kusmiati,Indonesian
Rukmana,Indonesian
Pardede,Indonesian
Suwarni,Indonesian
Rozi,Indonesian
Lukman,Indonesian
Siburian,Indonesian
Nawawi,Indonesian
Mahmudah,Indonesian
Sopandi,Indonesian
Simarmata,Indonesian
Pohan,Indonesian
Aeni,Indonesian
Surbakti,Indonesian
Ratnawati,Indonesian
Musa,Indonesian
Mukti,Indonesian
Laila,Indonesian
Hidayatullah,Indonesian
Winarni,Indonesian
Karlina,Indonesian
Yeni,Indonesian
Darma,Indonesian
Yulia,Indonesian
Suganda,Indonesian
Perdana,Indonesian
Faridah,Indonesian
Husain,Indonesian
Indah,Indonesian
Maimunah,Indonesian
Ependi,Indonesian
Jayanti,Indonesian
Wanimbo,Indonesian
Pulungan,Indonesian
Jamaludin,Indonesian
Udin,Indonesian
Riyanti,Indonesian
Rodiah,Indonesian
Ariyanti,Indonesian
Ilham,Indonesian
Husna,Indonesian
Febriani,Indonesian
Solihah,Indonesian
Situmeang,Indonesian
Mariani,Indonesian
Permadi,Indonesian
Herdiana,Indonesian
Komala,Indonesian
Hendri,Indonesian
Seran,Indonesian
Ati,Indonesian
Prayoga,Indonesian
Jalil,Indonesian
Pawiro,Indonesian
Abdul,Indonesian
Hawa,Indonesian
Kamal,Indonesian
Sumartini,Indonesian
Zalukhu,Indonesian
Harsono,Indonesian
Roni,Indonesian
Winarto,Indonesian
Sudirman,Indonesian
Agustian,Indonesian
Jafar,Indonesian
Suprapti,Indonesian
Hanum,Indonesian
Maryana,Indonesian
Ms,Indonesian
Anto,Indonesian
Simanullang,Indonesian
Heryanto,Indonesian
Rosmiati,Indonesian
Sulistyo,Indonesian
Ikhsan,Indonesian
Kaka,Indonesian
Sholihah,Indonesian
Hasim,Indonesian
Amd,Indonesian
Aprianti,Indonesian
Laili,Indonesian
Suriani,Indonesian
Giawa,Indonesian
Toha,Indonesian
Syarifudin,Indonesian
Sugiono,Indonesian
Rangkuti,Indonesian
Larasati,Indonesian
Sapitri,Indonesian
Muis,Indonesian
Supandi,Indonesian
Suyono,Indonesian
Fatonah,Indonesian
Mardiah,Indonesian
Ahmadi,Indonesian
Widiyanto,Indonesian
Kuraesin,Indonesian
Suryanti,Indonesian
Jayadi,Indonesian
Komara,Indonesian
Andini,Indonesian
Marzuki,Indonesian
Bani,Indonesian
Ihsan,Indonesian
Hariani,Indonesian
Dinata,Indonesian
Heriyanto,Indonesian
Rozak,Indonesian
Muhtar,Indonesian
Rais,Indonesian
Samad,Indonesian
Hernawati,Indonesian
Cahyati,Indonesian
Abatangelo,Italian
Abbà,Italian
Abbatangelo,Italian
Abbatantuono,Italian
Abbiati,Italian
Abbracciabeni,Italian
Aconi,Italian
Acquarone,Italian
Adalardi,Italian
Adessi,Italian
Africani,Italian
Aiolfi,Italian
Alagona,Italian
Alberghini,Italian
Alberighi,Italian
Albrici,Italian
Aldebrandi,Italian
Alfero,Italian
Aliberti,Italian
Alinari,Italian
Alò,Italian
Altamura,Italian
Altimari,Italian
Angioli,Italian
Ardovini,Italian
Armani,Italian
Armonni,Italian
Aucciello,Italian
Baldini,Italian
Bandoni,Italian
Barone,Italian
Bartalotti,Italian
Basile,Italian
Bazzoli,Italian
Bellini,Italian
Bello,Italian
Bellomi,Italian
Belluomi,Italian
Benedetti,Italian
Benenati,Italian
Benetton,Italian
Berardi,Italian
Berti,Italian
Bianchi,Italian
Bicchieri,Italian
Bondesan,Italian
Bonomo,Italian
Borgnino,Italian
Boveri,Italian
Brambilla,Italian
Brivio,Italian
Brunetti,Italian
Bruno,Italian
Bulgari,Italian
Carboni,Italian
Carideo,Italian
Caro,Italian
Cassano,Italian
Cino,Italian
Columbo,Italian
Confortola,Italian
Costa,Italian
Costantini,Italian
Cremonesi,Italian
Cucinotta,Italian
De filippis,Italian
De santis,Italian
De vitis,Italian
Dioli,Italian
Drago,Italian
Faraldo,Italian
Fava,Italian
Ferrari,Italian
Filippi,Italian
Franzese,Italian
Gaspari,Italian
Genovese,Italian
Goretti,Italian
Gori,Italian
Greco,Italian
Guerra,Italian
Guttuso,Italian
Lagorio,Italian
Leggièri,Italian
Leone,Italian
Longo,Italian
Manfredi,Italian
Masin,Italian
Messana,Italian
Mondo,Italian
Montanari,Italian
Moretti,Italian
Muggia,Italian
Nannini,Italian
Nardovino,Italian
Nascimbene,Italian
Natale,Italian
Nazario,Italian
Nepi,Italian
Neri,Italian
Nicolai,Italian
Nieri,Italian
Oberti,Italian
Padovan,Italian
Palladino,Italian
Parma,Italian
Pavesi,Italian
Pesaresi,Italian
Pisani,Italian
Pittaluga,Italian
Poggio,Italian
Potenza,Italian
Prosdocimi,Italian
Pugliese,Italian
Quaranta,Italian
Rana,Italian
Rinaldi,Italian
Riva,Italian
Roma,Italian
Romagnoli,Italian
Roncalli,Italian
Rosa,Italian
Rossi,Italian
Rovigatti,Italian
Sabbadin,Italian
Sala,Italian
Salomon,Italian
Sansone,Italian
Sapienti,Italian
Scavo,Italian
Selmone,Italian
Selvaggio,Italian
Serafin,Italian
Spanò,Italian
Spini,Italian
Stabile,Italian
Stablum,Italian
Tanzi,Italian
Terzi,Italian
Tivoli,Italian
Tornincasa,Italian
Tosetti,Italian
Tosto,Italian
Trapani,Italian
Traversini,Italian
Vacca,Italian
Vinci,Italian
Aida,Japanese
Aihara,Japanese
Akaike,Japanese
Akatsuka,Japanese
Akimoto,Japanese
Akita,Japanese
Akutagawa,Japanese
Anami,Japanese
Anzai,Japanese
Arakida,Japanese
Asahara,Japanese
Asano,Japanese
Ashida,Japanese
Ashikaga,Japanese
Bando,Japanese
Deguchi,Japanese
Eda,Japanese
Ekiguchi,Japanese
Fujikage,Japanese
Fukushima,Japanese
Funakoshi,Japanese
Gushiken,Japanese
Hachirobei,Japanese
Hasekura,Japanese
Hatayama,Japanese
Higuchi,Japanese
Hiraoka,Japanese
Hirose,Japanese
Hishikawa,Japanese
Hitomi,Japanese
Horigome,Japanese
Horiuchi,Japanese
Hotta,Japanese
Ibi,Japanese
Ibuka,Japanese
Ichimonji,Japanese
Ichiyusai,Japanese
Iijima,Japanese
Imagawa,Japanese
Imaizumi,Japanese
Ino,Japanese
Inokuma,Japanese
Inoue,Japanese
Isobe,Japanese
Izumi,Japanese
Jumonji,Japanese
Kagabu,Japanese
Kaminaga,Japanese
Kamioka,Japanese
Kamisaka,Japanese
Kano,Japanese
Katayama,Japanese
Kate,Japanese
Katoaka,Japanese
Katsukawa,Japanese
Katsura,Japanese
Kawaguchi,Japanese
Kawazu,Japanese
Kihara,Japanese
Kijimuta,Japanese
Kikuchi,Japanese
Kimura,Japanese
Kinoshita,Japanese
Kira,Japanese
Kitano,Japanese
Kodama,Japanese
Kogo,Japanese
Koguchi,Japanese
Komon,Japanese
Kuga,Japanese
Kumagae,Japanese
Kumasaka,Japanese
Kurusu,Japanese
Maeno,Japanese
Makiguchi,Japanese
Marubeni,Japanese
Marusa,Japanese
Maruyama,Japanese
Mashita,Japanese
Masoni,Japanese
Matano,Japanese
Matsuda,Japanese
Matsumara,Japanese
Matsumoto,Japanese
Matsumura,Japanese
Matsuo,Japanese
Matsuoka,Japanese
Mimasuya,Japanese
Mitsuwa,Japanese
Mitsuya,Japanese
Miyahara,Japanese
Miyajima,Japanese
Miyamae,Japanese
Miyamoto,Japanese
Miyazawa,Japanese
Mizuno,Japanese
Morita,Japanese
Moto,Japanese
Munakata,Japanese
Munkata,Japanese
Muraguchi,Japanese
Murasaki,Japanese
Murkami,Japanese
Nagatsuka,Japanese
Nakane,Japanese
Nakanishi,Japanese
Nakano,Japanese
Nakatoni,Japanese
Nakazawa,Japanese
Namiki,Japanese
Nemoto,Japanese
Ninomiya,Japanese
Nishiwaki,Japanese
Nobunaga,Japanese
Nose,Japanese
Nozara,Japanese
Numajiri,Japanese
Ogata,Japanese
Ohmae,Japanese
Oinuma,Japanese
Okabe,Japanese
Okasawa,Japanese
Okazawaya,Japanese
Okimasa,Japanese
Okui,Japanese
Okuma,Japanese
Onishi,Japanese
Onoda,Japanese
Ooka,Japanese
Otsuka,Japanese
Ozu,Japanese
Ryusaki,Japanese
Saeki,Japanese
Sakoda,Japanese
Sakurai,Japanese
Sanda,Japanese
Sarumara,Japanese
Satoya,Japanese
Segawa,Japanese
Sekine,Japanese
Shibaguchi,Japanese
Shibasaki,Japanese
Shibasawa,Japanese
Shimamura,Japanese
Shimanouchi,Japanese
Shimazaki,Japanese
Shimedzu,Japanese
Shimohira,Japanese
Shimon,Japanese
Shiokawa,Japanese
Shirahata,Japanese
Shiraishi,Japanese
Shiroyama,Japanese
Shiskikura,Japanese
Siagyo,Japanese
Sohda,Japanese
Tabuchi,Japanese
Takagawa,Japanese
Takaoka,Japanese
Takemago,Japanese
Taketomo,Japanese
Takewaki,Japanese
Takimoto,Japanese
Takudo,Japanese
Takudome,Japanese
Tamazaki,Japanese
Tanaka,Japanese
Tange,Japanese
Tansho,Japanese
Temko,Japanese
Teshigahara,Japanese
Tokudome,Japanese
Tokuoka,Japanese
Tomonaga,Japanese
Torisei,Japanese
Toru,Japanese
Tsukada,Japanese
Tsukade,Japanese
Tsushima,Japanese
Tsutomu,Japanese
Uboshita,Japanese
Usami,Japanese
Wakai,Japanese
Watabe,Japanese
Watanabe,Japanese
Watari,Japanese
Watnabe,Japanese
Yakuta,Japanese
Yamaguchiya,Japanese
Yamahata,Japanese
Yamakawa,Japanese
Yamana,Japanese
Yamanaka,Japanese
Yamanoue,Japanese
Yamazaki,Japanese
Yasujiro,Japanese
Yasukawa,Japanese
Yoshida,Japanese
Yoshikawa,Japanese
Yoshimatsu,Japanese
Yoshizawa,Japanese
Yuasa,Japanese
Bang,Korean
Cho,Korean
Choe,Korean
Ha,Korean
Lee,Korean
Moon,Korean
Pae,Korean
Pak,Korean
Ri,Korean
Ryom,Korean
Ryoo,Korean
San,Korean
Shin,Korean
Suk,Korean
Yoon,Korean
You,Korean
Youj,Korean
Youn,Korean
Kim,Korean
Pak,Korean
Choe,Korean
Kang,Korean
Yu,Korean
Im,Korean
An,Korean
Nam,Korean
Sim,Korean
Cha,Korean
Na,Korean
Pyon,Korean
Sok,Korean
Ma,Korean
Pyo,Korean
Maeng,Korean
Pok,Korean
Hyong,Korean
Lim,Korean
Chung,Korean
Jeon,Korean
Sang,Korean
Shim,Korean
Baek,Korean
Woo,Korean
Koo,Korean
You,Korean
Roh,Korean
Kung,Korean
Nang,Korean
Su,Korean
Ahmadi,Middle_eastern
Karimi,Middle_eastern
Ghasemi,Middle_eastern
Sadeghi,Middle_eastern
Akbari,Middle_eastern
Zare,Middle_eastern
Amiri,Middle_eastern
Zarei,Middle_eastern
Alizadeh,Middle_eastern
Nazari,Middle_eastern
Razaee,Middle_eastern
Azizi,Middle_eastern
Rostami,Middle_eastern
Razaie,Middle_eastern
Khosravi,Middle_eastern
Bahrami,Middle_eastern
Dehghani,Middle_eastern
Ghanbari,Middle_eastern
Hosseinzadeh,Middle_eastern
Hossein,Middle_eastern
Mansouri,Middle_eastern
Shafiee,Middle_eastern
Goodarzi,Middle_eastern
Tavakoli,Middle_eastern
Rasooli,Middle_eastern
Kamali,Middle_eastern
Shahbazi,Middle_eastern
Yazdani,Middle_eastern
Hasanza,Middle_eastern
Rafiee,Middle_eastern
Allah,Middle_eastern
Farhadi,Middle_eastern
Bani,Middle_eastern
Bakhshi,Middle_eastern
Kargar,Middle_eastern
Gul,Middle_eastern
Hasan,Middle_eastern
Tahmasbi,Middle_eastern
Sheikhi,Middle_eastern
Baloch,Middle_eastern
Gholam,Middle_eastern
Aliza,Middle_eastern
Zakeri,Middle_eastern
Fattahi,Middle_eastern
Narouei,Middle_eastern
Mehrabi,Middle_eastern
Cheraghi,Middle_eastern
Taqe,Middle_eastern
Jahan,Middle_eastern
Khosh,Middle_eastern
Fazeli,Middle_eastern
Ghareh,Middle_eastern
Davari,Middle_eastern
Vakili,Middle_eastern
Nosrati,Middle_eastern
Jafar,Middle_eastern
Ashrafi,Middle_eastern
Darabi,Middle_eastern
Khairi,Middle_eastern
Bahari,Middle_eastern
Abase,Middle_eastern
Rouhani,Middle_eastern
Sobhani,Middle_eastern
Taghizadeh,Middle_eastern
Madadi,Middle_eastern
Safi,Middle_eastern
Parsa,Middle_eastern
Bigdeli,Middle_eastern
Valipour,Middle_eastern
Kohi,Middle_eastern
Safaei,Middle_eastern
Khorasani,Middle_eastern
Ahayi,Middle_eastern
Nejat,Middle_eastern
Bashiri,Middle_eastern
Sattari,Middle_eastern
Valiza,Middle_eastern
Sotoudeh,Middle_eastern
Moslem,Middle_eastern
Vaziri,Middle_eastern
Pir,Middle_eastern
Alaei,Middle_eastern
Salemi,Middle_eastern
Behzadi,Middle_eastern
Papi,Middle_eastern
Shariati,Middle_eastern
Khaledi,Middle_eastern
Emadi,Middle_eastern
Biranvand,Middle_eastern
Sayyah,Middle_eastern
Hakimi,Middle_eastern
Isa,Middle_eastern
Karimpour,Middle_eastern
Valizadeh,Middle_eastern
Omrani,Middle_eastern
Ghasemzadeh,Middle_eastern
Montazeri,Middle_eastern
Sarlak,Middle_eastern
Siah,Middle_eastern
Yazdi,Middle_eastern
Kermani,Middle_eastern
Edi,Middle_eastern
Akrami,Middle_eastern
Sultan,Middle_eastern
Khavari,Middle_eastern
Eshaghi,Middle_eastern
Davood,Middle_eastern
Hafezi,Middle_eastern
Heydariyan,Middle_eastern
Dadashi,Middle_eastern
Heshmati,Middle_eastern
Aaqaee,Middle_eastern
Etemadi,Middle_eastern
Safarzadeh,Middle_eastern
Rousta,Middle_eastern
Vahidi,Middle_eastern
Nikoo,Middle_eastern
Davoudi,Middle_eastern
Moradpour,Middle_eastern
Ghorbanpour,Middle_eastern
Salangi,Middle_eastern
Vafaie,Middle_eastern
Mehraban,Middle_eastern
Haddad,Middle_eastern
Hojjat,Middle_eastern
Pudineh,Middle_eastern
Beit,Middle_eastern
Hadian,Middle_eastern
Dolati,Middle_eastern
Nissi,Middle_eastern
Hoshyar,Middle_eastern
Saadi,Middle_eastern
Sanchulli,Middle_eastern
Falahati,Middle_eastern
Rahimpour,Middle_eastern
Mousa,Middle_eastern
Tabatabai,Middle_eastern
Fahimi,Middle_eastern
Sedghi,Middle_eastern
Amraei,Middle_eastern
Sadaty,Middle_eastern
Haqi,Middle_eastern
Minaei,Middle_eastern
Saffari,Middle_eastern
Arjmand,Middle_eastern
Namdari,Middle_eastern
Nematollah,Middle_eastern
Koolivand,Middle_eastern
Razmi,Middle_eastern
Reisi,Middle_eastern
Roozbehani,Middle_eastern
Azizzadeh,Middle_eastern
Afkhami,Middle_eastern
Ahmadvand,Middle_eastern
Soheili,Middle_eastern
Khalaji,Middle_eastern
Turki,Middle_eastern
Sabahi,Middle_eastern
Khanani,Middle_eastern
Qarh,Middle_eastern
Namdar,Middle_eastern
Rajab,Middle_eastern
Azizpour,Middle_eastern
Chamani,Middle_eastern
Aaxare,Middle_eastern
Aeoze,Middle_eastern
Khajavi,Middle_eastern
Adali,Middle_eastern
Reissi,Middle_eastern
Rahmat,Middle_eastern
Hedayat,Middle_eastern
Nourbakhsh,Middle_eastern
Khodaverdi,Middle_eastern
Qaleh,Middle_eastern
Nasser,Middle_eastern
Norani,Middle_eastern
Sabzi,Middle_eastern
Haghighi,Middle_eastern
Qadarate,Middle_eastern
Esfahani,Middle_eastern
Norouzian,Middle_eastern
Fateh,Middle_eastern
Asghar,Middle_eastern
Jodaki,Middle_eastern
Ghadami,Middle_eastern
Shadman,Middle_eastern
Omid,Middle_eastern
Nabiza,Middle_eastern
Rasoul,Middle_eastern
Babakhani,Middle_eastern
Tavana,Middle_eastern
Zamanian,Middle_eastern
Adamczyk,Polish
Bartosz,Polish
Bukoski,Polish
Chmiel,Polish
Filipek,Polish
Gajos,Polish
Grzeskiewicz,Polish
Jaskolski,Polish
Kijek,Polish
Krakowski,Polish
Marsza_ek,Polish
Maslanka,Polish
Nosek,Polish
Pasternack,Polish
Paszek,Polish
Pokorny,Polish
Poplawski,Polish
Rudaski,Polish
Sitko,Polish
_l_zak,Polish
_lusarski,Polish
Smolák,Polish
Sokal,Polish
Sokolofsky,Polish
Sokolsky,Polish
Szczepanski,Polish
Szwedko,Polish
Zawisza,Polish
Zdunowski,Polish
Campos,Spanish_portugese_hispanic
Coelho,Spanish_portugese_hispanic
Franco,Spanish_portugese_hispanic
Garcia,Spanish_portugese_hispanic
Mateus,Spanish_portugese_hispanic
Moreno,Spanish_portugese_hispanic
Ramires,Spanish_portugese_hispanic
Rios,Spanish_portugese_hispanic
Rocha,Spanish_portugese_hispanic
Rodrigues,Spanish_portugese_hispanic
Santos,Spanish_portugese_hispanic
Simões,Spanish_portugese_hispanic
Abarca,Spanish_portugese_hispanic
Abaroa,Spanish_portugese_hispanic
Abasolo,Spanish_portugese_hispanic
Aberquero,Spanish_portugese_hispanic
Abreu,Spanish_portugese_hispanic
Agramunt,Spanish_portugese_hispanic
Albert,Spanish_portugese_hispanic
Albuquerque,Spanish_portugese_hispanic
Aldana,Spanish_portugese_hispanic
Aqua,Spanish_portugese_hispanic
Arreola,Spanish_portugese_hispanic
Azarola,Spanish_portugese_hispanic
Bello,Spanish_portugese_hispanic
Belmonte,Spanish_portugese_hispanic
Benitez,Spanish_portugese_hispanic
Bolívar,Spanish_portugese_hispanic
Busto,Spanish_portugese_hispanic
Cardona,Spanish_portugese_hispanic
Casales,Spanish_portugese_hispanic
Castellano,Spanish_portugese_hispanic
Castillion,Spanish_portugese_hispanic
Castro,Spanish_portugese_hispanic
Chavez,Spanish_portugese_hispanic
De la cruz,Spanish_portugese_hispanic
Echevarría,Spanish_portugese_hispanic
Echeverría,Spanish_portugese_hispanic
Escamilla,Spanish_portugese_hispanic
Escárcega,Spanish_portugese_hispanic
Espina,Spanish_portugese_hispanic
Félix,Spanish_portugese_hispanic
Fuentes,Spanish_portugese_hispanic
Gebara,Spanish_portugese_hispanic
Gonzalez,Spanish_portugese_hispanic
Grec,Spanish_portugese_hispanic
Gutiérrez,Spanish_portugese_hispanic
Herrera,Spanish_portugese_hispanic
Hierro,Spanish_portugese_hispanic
Huerta,Spanish_portugese_hispanic
Jaso,Spanish_portugese_hispanic
Juárez,Spanish_portugese_hispanic
Lopez,Spanish_portugese_hispanic
Martell,Spanish_portugese_hispanic
Merlo,Spanish_portugese_hispanic
Narváez,Spanish_portugese_hispanic
Noguerra,Spanish_portugese_hispanic
Núñez,Spanish_portugese_hispanic
Oleastro,Spanish_portugese_hispanic
Orellana,Spanish_portugese_hispanic
Oriol,Spanish_portugese_hispanic
Pavia,Spanish_portugese_hispanic
Peláez,Spanish_portugese_hispanic
Pérez,Spanish_portugese_hispanic
Porra,Spanish_portugese_hispanic
Porras,Spanish_portugese_hispanic
Ramírez,Spanish_portugese_hispanic
Robles,Spanish_portugese_hispanic
Rocha,Spanish_portugese_hispanic
Rodríguez,Spanish_portugese_hispanic
Rodriquez,Spanish_portugese_hispanic
Romero,Spanish_portugese_hispanic
Salamanca,Spanish_portugese_hispanic
Salcedo,Spanish_portugese_hispanic
Sanchez,Spanish_portugese_hispanic
San nicolas,Spanish_portugese_hispanic
Sepúlveda,Spanish_portugese_hispanic
Solos,Spanish_portugese_hispanic
Trujillo,Spanish_portugese_hispanic
Valencia,Spanish_portugese_hispanic
Vela,Spanish_portugese_hispanic
Vicario,Spanish_portugese_hispanic
Villanueva,Spanish_portugese_hispanic
Vives,Spanish_portugese_hispanic
Ybarra,Spanish_portugese_hispanic
Zapatero,Spanish_portugese_hispanic
Moreno,Spanish_portugese_hispanic
Castillo,Spanish_portugese_hispanic
Ramos,Spanish_portugese_hispanic
Herrera,Spanish_portugese_hispanic
Castro,Spanish_portugese_hispanic
Guzman,Spanish_portugese_hispanic
Rojas,Spanish_portugese_hispanic
Salazar,Spanish_portugese_hispanic
Luna,Spanish_portugese_hispanic
Estrada,Spanish_portugese_hispanic
Soto,Spanish_portugese_hispanic
Avila,Spanish_portugese_hispanic
Silva,Spanish_portugese_hispanic
Marquez,Spanish_portugese_hispanic
Solis,Spanish_portugese_hispanic
Nuñez,Spanish_portugese_hispanic
Campos,Spanish_portugese_hispanic
Maldonado,Spanish_portugese_hispanic
Pacheco,Spanish_portugese_hispanic
Padilla,Spanish_portugese_hispanic
Aguirre,Spanish_portugese_hispanic
Salinas,Spanish_portugese_hispanic
Tapia,Spanish_portugese_hispanic
Velasco,Spanish_portugese_hispanic
Ponce,Spanish_portugese_hispanic
Corona,Spanish_portugese_hispanic
Palacios,Spanish_portugese_hispanic
Trujillo,Spanish_portugese_hispanic
Bernal,Spanish_portugese_hispanic
Rocha,Spanish_portugese_hispanic
Rubio,Spanish_portugese_hispanic
Bravo,Spanish_portugese_hispanic
Parra,Spanish_portugese_hispanic
Cordova,Spanish_portugese_hispanic
de la rosa,Spanish_portugese_hispanic
Zarate,Spanish_portugese_hispanic
Leyva,Spanish_portugese_hispanic
Esparza,Spanish_portugese_hispanic
Villarreal,Spanish_portugese_hispanic
Segura,Spanish_portugese_hispanic
Saucedo,Spanish_portugese_hispanic
Chan,Spanish_portugese_hispanic
Magaña,Spanish_portugese_hispanic
Zapata,Spanish_portugese_hispanic
Solano,Spanish_portugese_hispanic
Caballero,Spanish_portugese_hispanic
Galicia,Spanish_portugese_hispanic
Duarte,Spanish_portugese_hispanic
Ventura,Spanish_portugese_hispanic
Coronado,Spanish_portugese_hispanic
Francisco,Spanish_portugese_hispanic
Ocampo,Spanish_portugese_hispanic
Carbajal,Spanish_portugese_hispanic
May,Spanish_portugese_hispanic
Alarcon,Spanish_portugese_hispanic
Baez,Spanish_portugese_hispanic
Jaramillo,Spanish_portugese_hispanic
Rendon,Spanish_portugese_hispanic
Lira,Spanish_portugese_hispanic
Aviles,Spanish_portugese_hispanic
Quintana,Spanish_portugese_hispanic
Arteaga,Spanish_portugese_hispanic
Ordoñez,Spanish_portugese_hispanic
Becerril,Spanish_portugese_hispanic
Altamirano,Spanish_portugese_hispanic
Cazares,Spanish_portugese_hispanic
Canul,Spanish_portugese_hispanic
Paz,Spanish_portugese_hispanic
Zamudio,Spanish_portugese_hispanic
Bustamante,Spanish_portugese_hispanic
Maya,Spanish_portugese_hispanic
Roque,Spanish_portugese_hispanic
Barrientos,Spanish_portugese_hispanic
Vallejo,Spanish_portugese_hispanic
Pulido,Spanish_portugese_hispanic
Avendaño,Spanish_portugese_hispanic
Bello,Spanish_portugese_hispanic
Ceron,Spanish_portugese_hispanic
Robledo,Spanish_portugese_hispanic
Ontiveros,Spanish_portugese_hispanic
Briones,Spanish_portugese_hispanic
Carreon,Spanish_portugese_hispanic
Tolentino,Spanish_portugese_hispanic
Linares,Spanish_portugese_hispanic
Heredia,Spanish_portugese_hispanic
Meneses,Spanish_portugese_hispanic
Vergara,Spanish_portugese_hispanic
Alcala,Spanish_portugese_hispanic
Chacon,Spanish_portugese_hispanic
Barraza,Spanish_portugese_hispanic
Canche,Spanish_portugese_hispanic
Tejeda,Spanish_portugese_hispanic
Melchor,Spanish_portugese_hispanic
Cornejo,Spanish_portugese_hispanic
Saenz,Spanish_portugese_hispanic
Lizarraga,Spanish_portugese_hispanic
Damian,Spanish_portugese_hispanic
Corral,Spanish_portugese_hispanic
Rojo,Spanish_portugese_hispanic
Adame,Spanish_portugese_hispanic
Banda,Spanish_portugese_hispanic
Bañuelos,Spanish_portugese_hispanic
Gaona,Spanish_portugese_hispanic
Ceja,Spanish_portugese_hispanic
Betancourt,Spanish_portugese_hispanic
Dorantes,Spanish_portugese_hispanic
Tello,Spanish_portugese_hispanic
Servin,Spanish_portugese_hispanic
Pablo,Spanish_portugese_hispanic
Aldana,Spanish_portugese_hispanic
Tamayo,Spanish_portugese_hispanic
Valerio,Spanish_portugese_hispanic
Tirado,Spanish_portugese_hispanic
Larios,Spanish_portugese_hispanic
Chable,Spanish_portugese_hispanic
Brito,Spanish_portugese_hispanic
Pimentel,Spanish_portugese_hispanic
Briseño,Spanish_portugese_hispanic
Conde,Spanish_portugese_hispanic
Perea,Spanish_portugese_hispanic
Bueno,Spanish_portugese_hispanic
Fragoso,Spanish_portugese_hispanic
Santamaria,Spanish_portugese_hispanic
Gonzales,Spanish_portugese_hispanic
Alcocer,Spanish_portugese_hispanic
Llamas,Spanish_portugese_hispanic
Ocaña,Spanish_portugese_hispanic
Ugalde,Spanish_portugese_hispanic
Higuera,Spanish_portugese_hispanic
Gasca,Spanish_portugese_hispanic
Davalos,Spanish_portugese_hispanic
Manzo,Spanish_portugese_hispanic
Melo,Spanish_portugese_hispanic
Alva,Spanish_portugese_hispanic
Calvo,Spanish_portugese_hispanic
Palomino,Spanish_portugese_hispanic
Urias,Spanish_portugese_hispanic
Ovalle,Spanish_portugese_hispanic
Infante,Spanish_portugese_hispanic
Cavazos,Spanish_portugese_hispanic
Basurto,Spanish_portugese_hispanic
Ake,Spanish_portugese_hispanic
Isidro,Spanish_portugese_hispanic
Blancas,Spanish_portugese_hispanic
Valentin,Spanish_portugese_hispanic
Avia,Spanish_portugese_hispanic
Gaxiola,Spanish_portugese_hispanic
Obregon,Spanish_portugese_hispanic
Miramontes,Spanish_portugese_hispanic
Villalpando,Spanish_portugese_hispanic
Montañez,Spanish_portugese_hispanic
Licona,Spanish_portugese_hispanic
Lagunes,Spanish_portugese_hispanic
Magdaleno,Spanish_portugese_hispanic
Gurrola,Spanish_portugese_hispanic
Nuño,Spanish_portugese_hispanic
Macedo,Spanish_portugese_hispanic
Magallanes,Spanish_portugese_hispanic
Pion,Spanish_portugese_hispanic
Villalba,Spanish_portugese_hispanic
Sebastian,Spanish_portugese_hispanic
Briceño,Spanish_portugese_hispanic
Uicab,Spanish_portugese_hispanic
Hernández,Spanish_portugese_hispanic
Chuc,Spanish_portugese_hispanic
Luevano,Spanish_portugese_hispanic
Vieyra,Spanish_portugese_hispanic
Baos,Spanish_portugese_hispanic
Aguila,Spanish_portugese_hispanic
Buenrostro,Spanish_portugese_hispanic
Mariano,Spanish_portugese_hispanic
Constantino,Spanish_portugese_hispanic
Crespo,Spanish_portugese_hispanic
Osornio,Spanish_portugese_hispanic
Payan,Spanish_portugese_hispanic
Samano,Spanish_portugese_hispanic
Samaniego,Spanish_portugese_hispanic
Urbano,Spanish_portugese_hispanic
Gracia,Spanish_portugese_hispanic
Luciano,Spanish_portugese_hispanic
Rodarte,Spanish_portugese_hispanic
Mancera,Spanish_portugese_hispanic
Murguia,Spanish_portugese_hispanic
Encarnacion,Spanish_portugese_hispanic
Rosario,Spanish_portugese_hispanic
Barradas,Spanish_portugese_hispanic
Pavon,Spanish_portugese_hispanic
Balbuena,Spanish_portugese_hispanic
Aguillon,Spanish_portugese_hispanic
Mijangos,Spanish_portugese_hispanic
Jarquin,Spanish_portugese_hispanic
Machado,Spanish_portugese_hispanic
Chimal,Spanish_portugese_hispanic
Rea,Spanish_portugese_hispanic
Leos,Spanish_portugese_hispanic
Jacome,Spanish_portugese_hispanic
Sainz,Spanish_portugese_hispanic
Esqueda,Spanish_portugese_hispanic
Espejel,Spanish_portugese_hispanic
Vicencio,Spanish_portugese_hispanic
Rebolledo,Spanish_portugese_hispanic
Chanthara,Thai
Sitwat,Thai
Sangthong,Thai
Bunsi,Thai
Suwan,Thai
Kongkaeo,Thai
Photthong,Thai
Bunloet,Thai
Panya,Thai
Simueang,Thai
Namuang,Thai
Chantharat,Thai
Saensuk,Thai
Saengsawang,Thai
Saithong,Thai
Klahan,Thai
Chaisit,Thai
Phachenrat,Thai
Chanthahom,Thai
Sihawong,Thai
Wetkama,Thai
Khanthong,Thai
Phongsuwan,Thai
Siwichaiya,Thai
Saengsuwan,Thai
Iamotat,Thai
Manichoti,Thai
Chanthotwang,Thai
Sisan,Thai
Thongmi,Thai
Wandi,Thai
Ayuyen,Thai
Chinda,Thai
Saetia,Thai
Sisai,Thai
Cherinrat,Thai
Cherinchai,Thai
Sonchai,Thai
Chaihan,Thai
Phonhomma,Thai
Sunthon,Thai
Sitwang,Thai
Sombat,Thai
Tansakun,Thai
Suwansi,Thai
Duangkaeo,Thai
Phromma,Thai
Siriwan,Thai
Somphong,Thai
Kuluang,Thai
Chutri,Thai
Noprat,Thai
Suwanchoti,Thai
Maniwong,Thai
Chanthacherin,Thai
Suphon,Thai
Phonhomtha,Thai
Sicherin,Thai
Buaphan,Thai
Chukaeo,Thai
Chaiwan,Thai
Thapthong,Thai
Kayotna,Thai
Bunkhong,Thai
Chanthaphun,Thai
Chanaphan,Thai
Chayonrong,Thai
Chuchuen,Thai
Wongcherin,Thai
Thonglo,Thai
Sawangsi,Thai
Chaisat,Thai
Wanna,Thai
Chaiphakdi,Thai
Phonhombut,Thai
Sichomphu,Thai
Mitri,Thai
Yingyong,Thai
Namueangrak,Thai
Buachum,Thai
Wichian,Thai
Sithanrat,Thai
Buntha,Thai
Chaison,Thai
Somwong,Thai
Bunta,Thai
Chanthadaeng,Thai
Songsoem,Thai
Phonmotong,Thai
Wongphanit,Thai
Thongtha,Thai
Bunrit,Thai
Charoenphon,Thai
Intha,Thai
Pradit,Thai
Khamphan,Thai
Unchit,Thai
Sinchai,Thai
Sama,Thai
Sutham,Thai
Samran,Thai
Chatimnotri,Thai
Laothong,Thai
Thongsai,Thai
Chamnan,Thai
Unkaeo,Thai
Wichai,Thai
Chuenarom,Thai
Chantharangsi,Thai
Udomsin,Thai
Chuthong,Thai
Songwonsin,Thai
Chaipraserit,Thai
Wichit,Thai
Takham,Thai
Wongkansin,Thai
Sutthirak,Thai
Nanta,Thai
Chuchati,Thai
Siphirom,Thai
Wongwai,Thai
Chaiyen,Thai
Chanthonwon,Thai
Netruang,Thai
Homhuan,Thai
Chaipanya,Thai
Rueankham,Thai
Philuek,Thai
Somtharap,Thai
Phutri,Thai
Khampan,Thai
Niyomdecha,Thai
Cherinsin,Thai
Saenkhot,Thai
Saengchati,Thai
Phetdi,Thai
Phawaphutanna,Thai
Bamrungsi,Thai
Buninot,Thai
Chitphakdi,Thai
Saengngoen,Thai
Phurahong,Thai
Klaeokla,Thai
Thammachat,Thai
Ratnaphon,Thai
Chanthachai,Thai
Saenkaeo,Thai
Khamta,Thai
Chaiyot,Thai
Phakham,Thai
Kongomni,Thai
Cherinkun,Thai
Phunthong,Thai
Phromchantha,Thai
Chaengotwang,Thai
Chuchantha,Thai
Pancherin,Thai
Thongthae,Thai
Chaisin,Thai
Bunkham,Thai
Cherinphanit,Thai
Thongbo,Thai
Upra,Thai
Inotkaeo,Thai
Sitthisak,Thai
Huaihongthong,Thai
Chaemsai,Thai
Winthachai,Thai
Kaeosawang,Thai
Songkhla,Thai
Phadi,Thai
Wongdi,Thai
Sihabut,Thai
Yudi,Thai
Chailangka,Thai
Chairit,Thai
Saechong,Thai
Butbong,Thai
Khantha,Thai
Homnan,Thai
Hankla,Thai
Kaeonet,Thai
Buntem,Thai
Phikun,Thai
Kaeokrachang,Thai
Nopphakhun,Thai
Yuennan,Thai
Sithep,Thai
Chaosuan,Thai
Phokha,Thai
Saechu,Thai
Dang,Vietnamese
Do,Vietnamese
Chu,Vietnamese
Dao,Vietnamese
La,Vietnamese
Luc,Vietnamese
Thach,Vietnamese
Thai,Vietnamese
Tieu,Vietnamese
Ton,Vietnamese
Tong,Vietnamese
Trang,Vietnamese
Van,Vietnamese
Vuu,Vietnamese
Nguyen,Vietnamese
Vu,Vietnamese
Huynh,Vietnamese
Ngo,Vietnamese
Ho,Vietnamese
Doan,Vietnamese
Kim,Vietnamese
Vuong,Vietnamese
Huy,Vietnamese
Thuy,Vietnamese
Bao,Vietnamese
Hung,Vietnamese
Chi,Vietnamese
Nam,Vietnamese
Yen,Vietnamese
Xuan,Vietnamese
Huu,Vietnamese
Dam,Vietnamese
Dung,Vietnamese
Thao,Vietnamese
Hoan,Vietnamese
Du,Vietnamese
Lon,Vietnamese
Banh,Vietnamese
Chung,Vietnamese
Vy,Vietnamese
Tat,Vietnamese
Ngan,Vietnamese
Nghuyen,Vietnamese
Nguy,Vietnamese
Ung,Vietnamese
Giap,Vietnamese
Duon,Vietnamese
Khuong,Vietnamese
Hanh,Vietnamese
Kha,Vietnamese
Vang,Vietnamese
Truc,Vietnamese
Cau,Vietnamese
Nga,Vietnamese
Hau,Vietnamese
Diem,Vietnamese
Din,Vietnamese
Yeu,Vietnamese
Khoa,Vietnamese
Bac,Vietnamese
Mong,Vietnamese
Kun,Vietnamese
Nguuyen,Vietnamese
Hi,Vietnamese
Sao,Vietnamese
Mach,Vietnamese
Uyen,Vietnamese
Va,Vietnamese
Luan,Vietnamese
Nham,Vietnamese
Thong,Vietnamese
Hoi,Vietnamese
Pho,Vietnamese
Gau,Vietnamese
Nguyet,Vietnamese
Tham,Vietnamese
Haong,Vietnamese
Luyen,Vietnamese
Cung,Vietnamese
Mguyen,Vietnamese
Ten,Vietnamese
May,Vietnamese
Vuon,Vietnamese
Rua,Vietnamese
Mensah,West_african
Appiah,West_african
Asante,West_african
Ofori,West_african
Amoah,West_african
Emmanuel,West_african
Frimpong,West_african
Asamoah,West_african
Ansah,West_african
Alhassan,West_african
Kwame,West_african
Donkor,West_african
Lamptey,West_african
Gyamfi,West_african
Baidoo,West_african
Laryea,West_african
Armah,West_african
Iddrisu,West_african
Larbi,West_african
Bright,West_african
Afriyie,West_african
Ankrah,West_african
Addai,West_african
Koranteng,West_african
Kwakye,West_african
Arhin,West_african
Manu,West_african
Anim,West_african
Marfo,West_african
Addae,West_african
Tagoe,West_african
Doe,West_african
Nortey,West_african
Yussif,West_african
Frank,West_african
Sulemana,West_african
Opare,West_african
Godwin,West_african
Ernest,West_african
Baiden,West_african
Biney,West_african
Badu,West_african
Patrick,West_african
Ocran,West_african
Baffoe,West_african
Turkson,West_african
Ebenezer,West_african
Adusei,West_african
Quainoo,West_african
Yankey,West_african
Ameyaw,West_african
Prempeh,West_african
Seth,West_african
Bismark,West_african
Robert,West_african
Wiafe,West_african
Bekoe,West_african
Quarcoo,West_african
Ahmed,West_african
Abubakar,West_african
Odonkor,West_african
Kissi,West_african
Anokye,West_african
Karikari,West_african
Buabeng,West_african
Kyeremeh,West_african
Öztürk,Turkish
Özdemir,Turkish
Kılıç,Turkish
Kara,Turkish
Özkan,Turkish
Özcan,Turkish
_en,Turkish
Avci,Turkish
Co_kun,Turkish
Kaplan,Turkish
Ta_,Turkish
Köse,Turkish
Aksoy,Turkish
Çali_kan,Turkish
Çiçek,Turkish
Çoban,Turkish
Bayram,Turkish
Deniz,Turkish
Çakmak,Turkish
Erdem,Turkish
Çinar,Turkish
Genç,Turkish
Akın,Turkish
Duman,Turkish
Demirel,Turkish
Kilinç,Turkish
Altun,Turkish
Eren,Turkish
Alkan,Turkish
Cengiz,Turkish
Akkaya,Turkish
Durmaz,Turkish
Yücel,Turkish
Yazici,Turkish
Özçelik,Turkish
Ünlü,Turkish
Karaka_,Turkish
Gürbüz,Turkish
Topal,Turkish
Da_,Turkish
Gündo_du,Turkish
Sezer,Turkish
Güney,Turkish
Albayrak,Turkish
Güner,Turkish
Akyol,Turkish
Bayrak,Turkish
Inan,Turkish
Turgut,Turkish
Orhan,Turkish
Ercan,Turkish
Özel,Turkish
Akyüz,Turkish
Bayraktar,Turkish
Sert,Turkish
Ba_aran,Turkish
Aras,Turkish
Bakir,Turkish
Gezer,Turkish
Altin,Turkish
Akman,Turkish
Bolat,Turkish
Arıkan,Turkish
Atmaca,Turkish
Demirba_,Turkish
Eker,Turkish
Oral,Turkish
Özden,Turkish
_enol,Turkish
Gökta_,Turkish
Soylu,Turkish
Ünsal,Turkish
Alp,Turkish
Solmaz,Turkish
Elmas,Turkish
Solak,Turkish
Kavak,Turkish
Uygun,Turkish
Bayar,Turkish
Gülmez,Turkish
Tetik,Turkish
Yanik,Turkish
Sayın,Turkish
Atik,Turkish
Ye_ilyurt,Turkish
Karabacak,Turkish
Öcal,Turkish
Dede,Turkish
Kızılkaya,Turkish
Arici,Turkish
Ta_tan,Turkish
Topuz,Turkish
Okumu_,Turkish
Karada_,Turkish
Kaymaz,Turkish
Zeybek,Turkish
Top,Turkish
Yakut,Turkish
Pınar,Turkish
Bozda_,Turkish
Kır,Turkish
Demirkol,Turkish
Yorulmaz,Turkish
Bostanci,Turkish
Göksu,Turkish
Çetiner,Turkish
Apaydın,Turkish
Koyun,Turkish
Ya_mur,Turkish
Özbey,Turkish
Barut,Turkish
Özyurt,Turkish
Atici,Turkish
Da_delen,Turkish
Sayar,Turkish
Tuncay,Turkish
Kasap,Turkish
Kiraz,Turkish
Sarita_,Turkish
Satilmi_,Turkish
Kar,Turkish
Yurdakul,Turkish
Arabaci,Turkish
Bozan,Turkish
Tanrıkulu,Turkish
Ural,Turkish
Al,Turkish
Aykut,Turkish
Gürkan,Turkish
San,Turkish
Görgülü,Turkish
Ardiç,Turkish
Büyük,Turkish
Öztekin,Turkish
Durgun,Turkish
Özkul,Turkish
Emre,Turkish
Uçak,Turkish
Atılgan,Turkish
Demiral,Turkish
Geyik,Turkish
Canli,Turkish
Tokmak,Turkish
Orak,Turkish
Gönül,Turkish
Dayan,Turkish
Akka_,Turkish
Karda_,Turkish
Yakar,Turkish
Nas,Turkish
Çekiç,Turkish
Demircio_lu,Turkish
Erdo_du,Turkish
Örnek,Turkish
Binici,Turkish
Çatal,Turkish
Macit,Turkish
Sayan,Turkish
Avcu,Turkish
Kiraç,Turkish
Bali,Turkish
Fındık,Turkish
Hatipo_lu,Turkish
Kizilta_,Turkish
Açık,Turkish
Yarar,Turkish
Kiyak,Turkish
Yetim,Turkish
Arda,Turkish
Bozku_,Turkish
Günal,Turkish
Ekmekçi,Turkish
Muslu,Turkish
Karapınar,Turkish
Nergiz,Turkish
Okçu,Turkish
Kabakci,Turkish
Da_demir,Turkish
Nalbant,Turkish
Gürcan,Turkish
Kayali,Turkish
Karatepe,Turkish
Gezici,Turkish
Ege,Turkish
Yeni,Turkish
_engün,Turkish
Yaprak,Turkish
Malkoç,Turkish
Ba_kan,Turkish
Alaca,Turkish
Yardım,Turkish
Talay,Turkish
_ahiner,Turkish
Karakoyun,Turkish
Aka,Turkish
Canbolat,Turkish
Eski,Turkish
Kayaba_i,Turkish
Kayikçi,Turkish
Ba_pınar,Turkish
Bayazıt,Turkish
Üner,Turkish
Kocatürk,Turkish
Dani_,Turkish
Kazanci,Turkish
Elibol,Turkish
Erkek,Turkish
Tesfaye,Ethiopian
Getachew,Ethiopian
Abebe,Ethiopian
Alemayehu,Ethiopian
Ahmed,Ethiopian
Teshome,Ethiopian
Desta,Ethiopian
Birhanu,Ethiopian
Kedir,Ethiopian
Mohamed,Ethiopian
Aster,Ethiopian
Tefera,Ethiopian
Haile,Ethiopian
Zenebech,Ethiopian
Hassen,Ethiopian
Abdi,Ethiopian
Desalegn,Ethiopian
Beyene,Ethiopian
Aberash,Ethiopian
Dawit,Ethiopian
Bizunesh,Ethiopian
Yohannes,Ethiopian
Fikadu,Ethiopian
Adem,Ethiopian
Aynalem,Ethiopian
Lemma,Ethiopian
Zerihun,Ethiopian
Mulunesh,Ethiopian
Abreham,Ethiopian
Endale,Ethiopian
Molla,Ethiopian
Zelalem,Ethiopian
Zewdu,Ethiopian
Terefe,Ethiopian
Mekonen,Ethiopian
Gezahegn,Ethiopian
Debebe,Ethiopian
Kiros,Ethiopian
Admasu,Ethiopian
Kasahun,Ethiopian
Tiruwork,Ethiopian
Kebebush,Ethiopian
Gebeyehu,Ethiopian
Sultan,Ethiopian
Aklilu,Ethiopian
Teka,Ethiopian
Hiwot,Ethiopian
Senait,Ethiopian
Nasir,Ethiopian
Yasin,Ethiopian
Bogalech,Ethiopian
Husen,Ethiopian
Getaneh,Ethiopian
Mekuria,Ethiopian
Gidey,Ethiopian
Nuru,Ethiopian
Birke,Ethiopian
Afework,Ethiopian
Lakech,Ethiopian
Zehara,Ethiopian
Meselech,Ethiopian
Zemzem,Ethiopian
Etaferahu,Ethiopian
Markos,Ethiopian
Abay,Ethiopian
Mesele,Ethiopian
Habte,Ethiopian
Kassaye,Ethiopian
Muluneh,Ethiopian
Dagne,Ethiopian
Tesfay,Ethiopian
Abrehet,Ethiopian
Hana,Ethiopian
Yared,Ethiopian
Fikru,Ethiopian